<?xml version="1.0" encoding="UTF-8"?>
<GenRun Id="fixedKeySchedule_synth_1" LaunchPart="xc7a100tcsg324-1" LaunchTime="1715036760">
  <File Type="PA-TCL" Name="fixedKeySchedule.tcl"/>
  <File Type="REPORTS-TCL" Name="fixedKeySchedule_reports.tcl"/>
  <File Type="RDS-RDS" Name="fixedKeySchedule.vds"/>
  <File Type="RDS-UTIL" Name="fixedKeySchedule_utilization_synth.rpt"/>
  <File Type="RDS-UTIL-PB" Name="fixedKeySchedule_utilization_synth.pb"/>
  <File Type="RDS-DCP" Name="fixedKeySchedule.dcp"/>
  <FileSet Name="sources" Type="BlockSrcs" RelSrcDir="$PSRCDIR/fixedKeySchedule" RelGenDir="$PGENDIR/fixedKeySchedule">
    <File Path="$PSRCDIR/sources_1/ip/fixedKeySchedule/fixedKeySchedule.xci">
      <FileInfo>
        <Attr Name="ImportPath" Val="$PPRDIR/../../../../../../../../project_4/project_4.srcs/sources_1/ip/fixedKeySchedule/fixedKeySchedule.xci"/>
        <Attr Name="ImportTime" Val="1715064985"/>
        <Attr Name="UsedIn" Val="synthesis"/>
        <Attr Name="UsedIn" Val="implementation"/>
        <Attr Name="UsedIn" Val="simulation"/>
      </FileInfo>
    </File>
    <Config>
      <Option Name="TopModule" Val="fixedKeySchedule"/>
      <Option Name="UseBlackboxStub" Val="1"/>
    </Config>
  </FileSet>
  <FileSet Name="constrs_in" Type="BlockSrcs" RelSrcDir="$PSRCDIR/fixedKeySchedule" RelGenDir="$PGENDIR/fixedKeySchedule">
    <File Path="$PSRCDIR/sources_1/ip/fixedKeySchedule/fixedKeySchedule.xci">
      <FileInfo>
        <Attr Name="ImportPath" Val="$PPRDIR/../../../../../../../../project_4/project_4.srcs/sources_1/ip/fixedKeySchedule/fixedKeySchedule.xci"/>
        <Attr Name="ImportTime" Val="1715064985"/>
        <Attr Name="UsedIn" Val="synthesis"/>
        <Attr Name="UsedIn" Val="implementation"/>
        <Attr Name="UsedIn" Val="simulation"/>
      </FileInfo>
    </File>
    <Config>
      <Option Name="TopModule" Val="fixedKeySchedule"/>
      <Option Name="UseBlackboxStub" Val="1"/>
    </Config>
  </FileSet>
  <FileSet Name="utils" Type="Utils" RelSrcDir="$PSRCDIR/utils_1" RelGenDir="$PGENDIR/utils_1">
    <Filter Type="Utils"/>
    <Config>
      <Option Name="TopAutoSet" Val="TRUE"/>
    </Config>
  </FileSet>
  <Strategy Version="1" Minor="2">
    <StratHandle Name="Vivado Synthesis Defaults" Flow="Vivado Synthesis 2023"/>
    <Step Id="synth_design"/>
  </Strategy>
</GenRun>
